DIFFICULTÉ 1 ( 10 POINTS) ;;DIFFICULTÉ  2 (20 POINTS);
MONTÉE DE GENOUX;      ;SAUT GROUPÉ ;                  
LUNGE G&D;                  ;JUMP LUNGE G&D;                  
BURPEES REBOND ;                  ;BURPEES ;                  
MOUNTAIN CLIMBER Décomposé G&D;                  ;"MOUNTAIN CLIMBER G&D
";                  
PUSH UP GENOUX ;                  ;PUSH UP ;                  
DIPS Jambes pliées;                  ;DIPS Jambes Tendues;                  
CRUNCH ;                  ;AB Bikes;                  
Jumping Jack sans les bras;                  ;Jumping Jack;                  
RAMEUR statique;       ;RAMEUR Dynamique;       
SQUAT;        ;JUMPING SQUAT;        